<?xml version="1.0" encoding="UTF-8" ?>
<beans xmlns="http://www.springframework.org/schema/beans"
	xmlns:xsi="http://www.w3.org/2001/XMLSchema-instance" xmlns:p="http://www.springframework.org/schema/p"
	xmlns:context="http://www.springframework.org/schema/context"
	xmlns:aop="http://www.springframework.org/schema/aop" xmlns:tx="http://www.springframework.org/schema/tx"
	xsi:schemaLocation="http://www.springframework.org/schema/beans
   http://www.springframework.org/schema/beans/spring-beans.xsd
   http://www.springframework.org/schema/context
   http://www.springframework.org/schema/context/spring-context.xsd
   http://www.springframework.org/schema/tx
   http://www.springframework.org/schema/tx/spring-tx.xsd
   http://www.springframework.org/schema/aop
   http://www.springframework.org/schema/aop/spring-aop.xsd">

	<bean id="propertyConfigurer"
		class="org.springframework.beans.factory.config.PropertyPlaceholderConfigurer">
		<property name="locations">
			<list>
				<value>WEB-INF\config\jdbc.properties</value>
			</list>
		</property>
	</bean>

	<!-- Initialization for data source -->
	<bean id="dataSource"
		class="org.springframework.jdbc.datasource.DriverManagerDataSource"
		p:url="${jdbc.url}" p:driverClassName="${jdbc.driverClassName}"
		p:username="${jdbc.username}" p:password="${jdbc.password}" />

	<!-- SpringMVC上传文件时，需要配置MultipartResolver处理器 -->
	<bean id="multipartResolver"
		class="org.springframework.web.multipart.commons.CommonsMultipartResolver">
		<property name="defaultEncoding" value="UTF-8" />
		<property name="maxUploadSize" value="10485760" />
		<property name="maxInMemorySize" value="40960000" />
	</bean>

	<bean id="jdbcTemplate" class="org.springframework.jdbc.core.JdbcTemplate">
		<property name="dataSource" ref="dataSource" />
	</bean>

	<bean id="TestJDBC" class="jdbc.TestJDBC">
		<property name="jdbcTemplate" ref="jdbcTemplate" />
	</bean>
	
	<bean id="MasterUserDao" class="indi.ucm.jdbc.dao.MasterUserDao">
		<property name="jdbcTemplate" ref="jdbcTemplate" />
	</bean>
	
	<bean id="MasterUserListDao" class="indi.ucm.jdbc.dao.MasterUserListDao">
		<property name="jdbcTemplate" ref="jdbcTemplate" />
	</bean>
	<bean id="MasterUserBusinessDao" class="indi.ucm.jdbc.dao.MasterUserBusinessDao">
		<property name="jdbcTemplate" ref="jdbcTemplate" />
	</bean>
</beans>