<?xml version="1.0" encoding="UTF-8"?>
<beans xmlns="http://www.springframework.org/schema/beans"
	xmlns:xsi="http://www.w3.org/2001/XMLSchema-instance" xmlns:p="http://www.springframework.org/schema/p"
	xmlns:context="http://www.springframework.org/schema/context"
	xmlns:util="http://www.springframework.org/schema/util" xmlns:mvc="http://www.springframework.org/schema/mvc"
	xmlns:tx="http://www.springframework.org/schema/tx"
	xsi:schemaLocation="
  http://www.springframework.org/schema/beans
  http://www.springframework.org/schema/beans/spring-beans-4.1.xsd
  http://www.springframework.org/schema/util
  http://www.springframework.org/schema/util/spring-util-4.1.xsd
  http://www.springframework.org/schema/context 
  http://www.springframework.org/schema/context/spring-context-4.1.xsd
  http://www.springframework.org/schema/mvc
  http://www.springframework.org/schema/mvc/spring-mvc.xsd
  http://www.springframework.org/schema/tx
  http://www.springframework.org/schema/tx/spring-tx.xsd">

	<!-- 使用默认的注解映射 -->
	<mvc:annotation-driven />
	

	<context:component-scan base-package="controller" />
	<context:component-scan base-package="indi.ucm.controller.rest" />

	<!--Spring3.1开始的注解 HandlerMapping -->
	<bean
		class="org.springframework.web.servlet.mvc.method.annotation.RequestMappingHandlerMapping" />
	<!--Spring3.1开始的注解 HandlerAdapter -->
	<bean
		class="org.springframework.web.servlet.mvc.method.annotation.RequestMappingHandlerAdapter" />

	<bean id="viewResolver"
		class="org.springframework.web.servlet.view.InternalResourceViewResolver"
		p:prefix="/WEB-INF/jsp/" p:suffix=".jsp" />

	<bean
		class="org.springframework.web.servlet.mvc.annotation.AnnotationMethodHandlerAdapter">
		<property name="messageConverters">
			<util:list id="beanList">
				<ref bean="mappingJacksonHttpMessageConverter" />
			</util:list>
		</property>
	</bean>
	<bean id="mappingJacksonHttpMessageConverter"
		class="org.springframework.http.converter.json.MappingJackson2HttpMessageConverter">
		<property name="supportedMediaTypes">
			<list>
				<value>text/html;charset=UTF-8</value>
				<value>application/json;charset=UTF-8</value>
			</list>
		</property>
	</bean>

</beans>